{
    "lr": 0.0003579679058154545,
    "wd": 0.0001777574979713262,
    "lora_r": 64,
    "alpha_mult": 1,
    "lora_dropout": 0.18947756156173373,
    "bs": 4
}
