{
    "lr": 8.223285036834301e-05,
    "wd": 1.6891276106598307e-05,
    "lora_r": 8,
    "alpha_mult": 4,
    "bs": 4,
    "lora_dropout": 0.11614437832577207
}
